id,scenario,x_0
0,mekong,"1,1,1,1,1,1,1,1,1,1,1,1.2,1,2,0.1,1,2,42,4,2,4,3,3.00,10.447489742971042,26.540850821961225,14.772989107845824,0.7588608655479876,1358.1344016377473,225.45811291821985,1228.4169974230304,1940.8141009485096,862.529041978569,558.8233521355949,210.23847805178394,12.722596290119043,37.977342173380435,129.48016919690625,95.80447215658856,3.796424209507336,14.124639691494007,14.00434984725582,19.77530908231172,6.346972979057618,14.314564599266177,19.54933500666334,19.95734690501149,92.45818423769174,3.4631402245018776"
1,mekong_imports,"8.59,4.53,3.09,26.68,15.65,84.38,21.80,39.49,57.06,0.0021,0.000111,130.401,85.015,87.003,16.06,22.45,18.78,32.13,33.78,30.08,27.69,16.20,37.98,9.13,6.46,7.078,17.32,10.25,2.74,0.06,0.106,0.104,18.107,0.062,0.022,83.89,62.76,59.694,151.94,102.23,26.10,0.119,0.09,0.033,0.0214,0.083,0.042,9.48,14.76,19.94,16.55,4.275,19.92"
2,mekong_gas,"8.592557143597787,4.532358293072207,3.098390781028172,26.68557798881352,15.654580369566474,84.38715731495233,21.801289130417047,39.49153550780238,57.06211195624098,0.0021573178801190807,0.00011182546097643353,130.40184587231488,85.01586766309458,87.00301901250509,16.066992077229376,22.459563932556847,18.784170544964958,32.1350008762881,33.78314860793709,30.087533872835955,27.698131975069522,16.203666138466104,37.981633632149645,9.135739184318293,6.4633922186381945,7.078306607532454,17.32334680865094,10.259921419508927,2.7422518013765824,0.0631896857233194,0.10666502905133868,0.10488760597769442,18.10793183594623,0.06235909821301533,0.02222174942659194,83.89335535235352,62.76018445121963,59.69498879979324,151.94452639310748,102.23256081585214,26.102303797565582,0.11907269429607936,0.09065549837563935,0.03361892451533777,0.02149753249926789,0.08307520414950886,0.04247397270108877,9.481092657519914,14.766069059860499,19.946761379823457,16.55256839400609,4.275098568875315,19.925645248743642,19.991872636057902,58.743530438249024,4.822927000058943"
3,thailand,"1,1,1,1,1,1,1,1,1,1,1,1,1,1,1,1,1,1,1,1,1,1,1,1,1,1,1,1,1,1,1,1,1,1,1,1,1,1,1,1,1,1,1,1,1,1,1,1,1"
4,thailand_imports,"1,1,1,1,1,1,1,1,1,1,1,1,1,1,1,1,1,1,1,1,1,1,1,1,1,1,1,1,1,1,1,1,1,1,1,1,1,1,1,1,1,1,1,1,1,1,1,1,1,1,1,1,1,1,1,1,1,1,1"
5,thailand_gas,"1,1,1,1,1,1,1,1,1,1,1,1,1,1,1,1,1,1,1,1,1,1,1,1,1,1,1,1,1,1,1,1,1,1,1,1,1,1,1,1,1,1,1,1,1,1,1,1,1,1,1,1,1,1,1,1,1,1,1,1,1"
6,ThaiNode,"1,1,1,1,1,1,1,1"